name,caption
--0w1YA1Hm4,High pitched speaking and laughing
-AheI8Epim4,Wind noise followed by a tapping noise while people are talking in the background
-BUWGM7qeUM,Rain is heard falling
-CcGuq0yoKo,A woman speaking on a microphone as a kid yells in the distance with periodic audio static clicks
-DmjkgWa-rw,A bell ringing repeatedly
-EQByFLFqig,A man speaks as rain pitter-patters and thunder rumbles
-EaZ7EJJUl0,A person speaks with distant humming and nearby clinking
-FW109cbv0g,Speech and then a sneeze and laughter
-JP1GqPEKtw,A man talking as a power tool motor runs followed by the buzzing of an electric sanding machine
-NrFeH-kBSM,Clicks of weapons being loaded followed by a gunshot and a clink then a man speaks
-NsC63dA01g,"An adult female speaks as a cat meows three times, and an electronic device plays in the background"
-R69Fa-mCaY,A chainsaw cutting as wood cracks and creaks
-SkjbQVgJ0M,A car passes by shortly after a man starts talking
-Sz4z0QwEuM,"A long, loud burp"
-aYumc8KoXg,"A vehicle is driving, and a horn is honking"
-mb4Fw4Z0xg,A car engine accelerating and then laughter
-mhFGevxLUg,Male speaking with another male voice in the background
-nQHwrRLfc0,Engine running steadily
-oy0BkpMGAk,Revving of an engine and a skidding sound
096oTVzc5Gs,An adult female speaks and an animal growls playfully
0AsXkZkqelg,A loud bang followed by an engine idling loudly
0Dt-pH0pW-Y,A motorcycle running and male speech and then laughing
0G7rb74R-2A,A man speaking on a microphone as a crowd of people laugh followed by dinner plates clacking
0NGSrwioYjA,A man speaking followed by a goat baaing
0On6-JiVwRs,Cat meowing sadly
0Rpjl1AO-P0,A car engine idling then starts to rev shortly after
0UJtGcoPYa0,A motor engine running and buzzing as a train horn blows followed by a group of men groaning aloud
0_K6OKtoBBU,A cat is meowing
0_ogYGDGDco,"Water is splashing, people are talking"
0a9wVat2PWk,A train sounds horn and travels
0fMXnvD38zI,Ocean waves crashing as water trickles as gusts of wind blow and seagulls squawk in the distance
0jGH7A_hpBM,"An adult male speaks, followed by another adult male speaking"
0qbHT34qTZE,Male yelling and multiple gunshots
0rSETXszQM0,Plastic clacking followed by a motorbike and a motorcycle engine starting up then accelerating
0ury8KHQdL4,An adult male is speaking and typing on a keyboard
0yETgW44MZU,A train sounds horn while the engine taps
0yxEvdnimGg,Dogs are barking with wind noise while people are speaking
11SEBDuoqSk,An engine chugging loudly together with gunfire
13CBvjHZhOA,Knocking sounds as race cars pass by
14ekd4nkpwc,An infant crying followed by a man laughing
14izd_i3ryE,"A man speaks as an engine runs and wind rushes by, another man speaks over a loudspeaker"
1DKLyH3FixM,Nature sounds with birds chirping
1FNJbN-eHY4,Burping and girls laughing with many voices in the background
1GgEpRZDWN0,A man and woman speak
1HCuBnPLMqQ,A liquid makes a trickling noise
1IoHRTUp86c,An aircraft engine humming as a woman speaks over an intercom followed by an aircraft engine accelerating
1L_OyngNZMA,Two men talking on a microphone as a crowd of people laugh and applaud
1N_DtRpdAp8,A mid-size engine is idling and vibrating and is revved up one time
1Og2TJ3bXW0,An aircraft engine humming followed by plastic clanking then an aircraft engine slowing down
1OyEgzXCkYE,A male speaking over a microphone
1PvMtRIlZNI,Gurgling and splashing water
1QNLMF-Kl_s,A woman is giving a speech
1Uh74_rZ72k,Wind blowing with passing distant traffic and some rumbling
1WTSW96XP6E,A man speaks followed by several clicks then an engine struggling to start
1_z6NcidGzM,Various speech and a whistle blown and water splashing
1a2XWJ8NA_Q,A motorboat engine running as two women are talking and wind is blowing into a microphone
1e98HeU9Vrg,Waves crash on a beach while the wind blows
1ed87LLY97k,A fan sound and a tapping noise
1j5NMuq1X30,High pressure liquid spraying as a radio plays in the background
1nUOGZgSzZo,Water is splashing and a man laughs
1slvoNgzBLE,An electronic signal followed by compressed air releasing then an electronic bell playing as a train runs on tracks in the background
1vCYiVvZ7VE,A woman speeches
1wW0YJQ-Xa0,A person coughing followed by a series of compressed air sprays as tin and plastic rattle then a man speaking as a crowd of people talk in the background
22L_3pBa1AI,A car is shifting gears
27HIamF8pKo,Railroad tracks clickety-clack as a train horn blasts
2ABngPM3raQ,A man talking as music is playing followed by a frog croaking
2ErfX6ZT5pM,A toilet flushing
2EsxcKe1A4w,A large dog barks
2ItTq2JShdU,A train engine running
2JV3emH50XU,A vehicle accelerating then driving by as gusts of wind blow and leaves rustle in the distance
2JutOgAnqWA,"A tool motor is running, a rattling sound occurs, then humming also, then soft squealing occurs"
2KEfkDO6hlA,Vehicle accelerating
2KR0C5ysO8o,An engine revving continuously
2RjqBRzmxaM,Music with rain falling and a woman speaking
2UNuMbxz9ds,An engine revving and popping
2a6GNu6uCDE,A woman delivers a speech
2bq2lc3DLwM,A man speaking and a car driving closer than passing by
2ceUOv8A3FE,A train horn blowing multiple times as a train runs on railroad tracks while a man and a young kid talk in the background alongside birds cooing in the distance
2j8pxiFvElM,A cat is meowing in a quiet environment
2msevPMQB4M,A power tool vibrating and humming
2sZhC_mKeic,A cat meowing followed by metal clacking as a water sprinkler sprays in the background
2t82STv2GR8,Several church bells ringing
2ymiXjImwGs,Emergency vehicle driving with siren on
30D1tqNFHMc,A loud white noise and then some beeping
31WGUPOYS5g,"The buzz of the crowd is interrupted by a child shouting, followed by a police siren and a horn honking"
32565FEuksc,A woman speaks and a crowd applauds
350OCezayrk,An engine being turned over and then started
35b9BSmN5JM,A wooden thud as an idle car engine runs then accelerates
3IScngdQA4I,A door shutting and a female speaking
3IguMJkqpl4,People speaking followed by a duck quacking and a child crying
3MoF8myFs8Y,A strong wind is blowing and constant background waves can be heard
3RultJjvTWI,'A group of young adults laughing followed by a man shouting as a stream of water splashes and flows while wind blows
3Sml1wHcuxo,A train horn goes off loudly
3VHpLxtd498,Humming with coos of pigeons and brief distant speaking
3XcIVh40pTI,A person is snoring steadily
3XuyGJqaXv8,A man speaks over a loudspeaker with a crowd talking in the distance and dogs barking
3ejndVEAcmQ,A cat meowing and hissing
3fomsZXG3aM,A vehicle engine running idle then revving after two metal clicks
3ghVB-KaU_E,A man is speaking with hissing background noises
3hzy-FL24no,A stream of water flowing and trickling as a small motor hum in the background followed by camera muffling
3iLGu2Omgrw,A man speaking
3kBlVLkN0zo,"Wind is blowing and birds are chirping, a metal bell clangs quietly once, and multiple animals bleat while two men speak in the background"
3n05BjV7r7M,A series of metal clanks and rattling as a small motor operates and hums
3ndid3jni7M,A loud horn honking followed by a bell ringing together with clickety-clacking train passing by
3qTL7QRk-tg,Water running together with distant singing and brief clanking
3qrVku794u0,A man speaks followed by a beep and a child speaks
3rna9zo5ZOs,A man is giving a speech and a crowd cheers
3ue0gJM0THk,Aircraft engine revs and creates propeller which
3wV3ST-c4PE,Tick-tocking by a clock
3wrdPAeqjVI,A man talking followed by a camera muffling and footsteps shuffling then wood lightly clanking
3xDZ-kdGE3o,Metal clacking followed by a door closing as water trickles then a toilet flushing
404cD3bVXDc,A baby crying with a television on in background
40cuHrYfaqA,A dog barking and growling followed by a man talking in the background
41D0yXSBqfI,Pigeons cooing and bird wings flapping while gravel shuffles and wood clacks
466ucPGoNSQ,A speech and then a cat vocalizing repeatedly
473wBEwC35M,A man speaking as a vehicle horn honks and a man speaks in the distance
4CAMv5nlr-0,A man speaking followed by a crowd of people applauding and cheering
4IeDBwyQ9ZQ,"Woman speaking, plastic container opening"
4KObP7cREWw,Engine running and revving
4SZ7JXDCNps,A car engine revving
4UPOUGVMlEs,Snorting and breathing
4Ujigme2IxY,An engine humming and brakes squealing
4YMXgLFcR94,A man speaks and then an audience claps
4YodC6RnplI,"A female laughs, snoring occurs, and an adult male speaks in the background"
4_Cak7gvly4,Percussion music playing alongside a series of whooshes followed by a motor humming
4_DjmCg8Ra8,Artillery guns fire followed by a man yelling as someone whistles while gunshots fire and a group of men shout in the background
4abZbau8tZo,Waves roll in and a man speaks
4bUL_ttiOdw,A baby is crying
4eyY1w2QyM0,Ocean waves are hitting the shores
4ftDFi4684Y,Several slight bangs occur during a constant ticktock
4fz0-Kx2oNs,Food and oil sizzling followed by a person snapping
4lv9aLXtud0,A man shouting before and after someone belching
4pf-PIymDhU,A jackhammer drilling and vibrating continuously
4pv3w--cRrA,An electric motor runs then a person speaks
4s2rRnu2PZo,Music plays continuously along with swooshing followed by a man speaking quickly
4sb9jN0SgTM,"A motor vehicle engine runs and revs, then it stops and an adult male speaks"
4xrL4TSgHwU,A vehicle engine stuttering while starting up then running idle
52IxrdTxGs4,An explosion and heart beating as instrumental music plays followed by a man talking
54eRRbCtPn8,An adult female speaks in a quiet environment
59VP93Tzjmg,Distant honks of a train horn with leaves rustling
5G6b_QWL3nY,A woman is speaking while food is frying and sizzling
5I8lmN8rwDM,A power tool sanding
5K1mISHwggI,A man speaks with others speaking in the distance and traffic passing with a few horns honking
5OM3tJh51pE,A lady speaking
5ORpSk5CIWc,Humming of a small engine passing by
5QZ0NtdoKJ8,Continuous digital beeps with a person speaking and bird chirping in the background
5YzNSjmZ3Wg,A nearby insect buzzes with nearby vibrations
5eSRL3PRHzo,An audience clapping
5iTRKJqUIw8,Muffled crowd noise while a bell dings
5rh5-MCjqq8,A brief loud snoring
5t6tSW0yT40,A motor hums softly followed by spraying
5xC4hkAWiao,"A large motor vehicle engine is idling, then it labors and creaks"
5ye0X5saadg,"Helicopter running, speech on a radio, and then gunfire"
63KW_EQ72yU,A loud explosion as gusts of wind blow
67BsqRkh-dU,A toilet is flushed
6BJ455B1aAs,A missile launching followed by an explosion and metal screeching as a motor hums in the background.
6CDl4CqOgMg,An animal heavily breathing then snorting followed by footsteps on a hard surface and a camera muffling
6NBPiArs2-w,Footsteps followed by rapid gunshots and people speaking
6Nvu6EcpdE8,Wind blows and a man speaks with a quick pop
6OlHuvJR_Dk,Helicoptor flying
6Pywt0f_NFY,Water trickling as a machine hums in the background followed by water spraying
6TO9PEGpZcQ,An emergency siren wailing followed by a large truck engine running idle
6ZFU4PqXmoI,A construction vehicle engine running and water splashing as wood crackles and snaps followed by electronic beeping and a man talking
6ZwYgzcN6Is,A woman yelling and laughing as a group of people shout while ocean waves crash and wind blows into a microphone
6aWnK1GyeJY,A baby is crying and a person sneezes then another person speaks
6cS0FsUM-cQ,"An adult male speaks, a cat caterwauls and hisses angrily, and an adult female speaks"
6cyKp3EDm-0,Pigeons are cooing flapping and a man talks
6dLkgq9EKPE,A man speaks with some faint clicks and humming
6eX6bJOFftA,Ducks quack and men speak with distant humming
6i5eQOpFk_U,Water flowing from a faucet with some light bangs and a man speaking
6pssFJ0m-kU,Leaves rustle in the wind as small birds chirp
6ukYSXzfEgQ,Metal clacking followed by water flowing and splashing into a container then draining down a pipe
7-HCqJFwHoI,A person clicking on a keyboard
77nElZGi5NU,Wind blowing hard with a loud explosion and people laughing
79XDcI6xZm0,"A crowd chants, an adult male speaks in the foreground, a member of the crowd shouts, and the adult male continues to speak"
7D7xgd4WJ50,"A medium-pitched, metal bell is ringing"
7JWHbs3gu1w,A train roars and honks it horn
7MLERaOgK_Y,A girl sings while a sewing machine stitches and then speaks when it stops
7P0N61TVOxE,A band plays horn and string instruments while waves crash nearby
7P6lcyeDKNI,A bicycle peddling on dirt and gravel followed by a man speaking then laughing
7QN3lwOzfdg,"An adult speaks over a telephone and then an adult male speaks, and this pattern repeats three times"
7RMpCCkQks0,"An industrial motor is humming, and ripping and tearing are occurring"
7WkB6pflr6o,A woman speaking
7XUt6sQS7nM,Sheep baaing with young female voice and wind gusts
7XXSOzDQ2z0,"A mid-size motor vehicle engine is idling and clacking somewhat, followed by mid-size motor vehicles accelerating quickly with a brief tire squeal"
7_smJ8VbfSU,Female speaking
7bO0AJI-ihs,Horses trotting on a hard surface as a motor rumbles rapidly for a brief period in the background
7cHRSfbp7tc,A group of people talking as dishes clack followed by wood knocking
7fmOlUlwoNg,A machine is making clicking sound as people talk in the background
7upINC4seBw,A man talking as an idle motorboat engine runs and water trickles while wind is blowing into a microphone
83j4GgHXTLE,A kid laughing and screaming with a man chuckling and woman whispering
86dNVnTwH6U,Hissing followed by sewing machine running
8BPTQO_cx7E,A man speaking followed by applause and laughter from an audience
8DLcBdC5UrE,Wind followed by splashing of water
8DQfjqPCTI8,Swarm of bees buzzing and two men speaking
8F-ndyrEWJ8,"Car is speeding down road, emergency siren is sounding, and a man speaks"
8GHLfJ6y6zA,A man talking with keyboard typing and computer mouse clicking
8IdCiapDYCU,A few electronic-sounding animal noises followed by barking from a small dog
8OTd45_6cvY,Footsteps running on a hard surface followed by liquid spraying then an animal growling as static plays in the background
8VOibo9Q_Dc,Water splashing and birds chirping
8ZH_PoK0clI,Footsteps then a woman speaks followed by a door clanging
8Zo30kV5aiI,Emergency vehicle siren passing by then fading
8b9z7N25DmU,A bus engine driving in the distance then nearby followed by compressed air releasing while a woman and a child talk in the distance
8ipe6b1LwHQ,"A glass link occurs, a thump, and then clattering"
8nUqSYC66mI,Several people cheer and scream and speak as water flows hard
8o-Y4QP8LWs,Some clanking and banging and a man speaking
8ycflE3dIHw,Train passing followed by short honk
9BGLAUSF0sk,An idling engine humming non stop
9BukzlPNqC8,Soft drilling noise
9E8BmPZ9mWc,A truck engine running as a group of men are talking
9F3sutgYTvo,A man is speaking and a baby whimpers followed by a woman talking
9HVgYs8OOLc,A man talking then a young boy talking followed by a loud pop as pigeons coo and bird wings flap
9MgGaTbmc6g,A vehicle revving and accelerating as tires skid and squeak on a road
9PN4gyxpH2M,A man and a woman talking then the crinkling of paper
9U8COLzEegs,Water running softly in the background followed by several shrill beeps and a man speaking
9XqkKuTqEOM,Some rustling and scratching with a short click
9ZZHvwaH-CU,Multiple gun shots woman screaming
9_YfTz8cnFY,Steam hissing followed by a train whistle blowing and a group of people talking in the background
9b6RqajfAmw,Birds chirping together with rustling
9dLLsZVRSZI,Engine idling continuously followed by honking
9hxFqltp3xw,A woman speaking followed by spraying
9ucb5HYO8ps,A burp followed by laughter and speech
9vZDsGjyh5M,Vehicle motor running
9xoYx3lTJ9I,"Wind noise while a water vehicle is traveling across water, and a man talks"
9z2OwpftxUE,Heavy wind and thunder
9z8XIRyUq9Q,A woman speaking
9zstu_IfAm4,A truck horn honking as a large truck engine drives by while a crowd of people talk in the background
A0E_UiD-fR4,Digital beeping followed by rapid vibrations and humming
A2mcp0N__7U,A crowd speak in the distance followed by sneezing
A61Mry8zBwE,Applause from a crowd with distant clicking and a man speaking over a loudspeaker
AFgGoY8Ihhg,Wind blowing and a siren rings
AI1OweEW8C0,Light rain and water dripping followed by thunder
AJtNitYMa1I,Food and oil sizzling
AKHZMg9ba30,Clip-clop of horse while man speaks
AMQei29haCw,Buzzing and humming of a motor with a man speaking
AR8-MVl_Mf8,A man screaming followed by slamming against a metal object proceeded by a man talking cardboard tumbles on a hard surface as a truck engine runs idle in the background
ARFFw0e_jig,A loud distorted belch followed by a series of burping
AUJPx81qKtY,A man talks and insects buzz
AUmY0YRAFQE,Sirens ring as a vehicle speeds past
AWGnTI0e2Fs,Helicopter propellers spinning
AagLJkfrFMk,Water hissing followed by a man breathing loudly then a toilet flushing
AbplcXwXnvE,Female speaking followed by crinkling
Af4a-9rcnP0,Bursting and popping noises like gunfire
AgaiowyYt88,A loud bang followed by silence
Agh2EKINlSw,"Hard rain falls on a metal surface, then three adult males speak while soft rhythmic whooshing occurs"
AizmnCDlXos,A bell ticks with a thumping noise
Aj_VMUSNjNM,Engine revving louder and louder than eases down
ArHiac57pVk,A male speaking
AtkD-3GjXMw,Singing and music with faint gunshots
Axd__X2rixk,Clip clops of a horse running by
B-gTt3_rceQ,Small child with a man and woman speaking
B3O476LeuXY,An idle motorbike engine running
B4SZwi9Ce3o,A man talking and plastic clicking as a vehicle engine accelerates
B8rdur4aams,Rustling and shaking followed by a horn and gusts of wind
BA-lFjpzad4,"Motor vehicle traffic is ongoing, and a motorcycle engine accelerates and then decelerates in the foreground"
BDpU2Qh77NE,A bird making vocalizations from a distance followed by several people whispering nearby
BGEMgl1xjac,Various insects and bugs are chirping with a rodent breathing sound in the background
BL8ksJ0sTXk,An engine is idling followed by a male speaking
BLMWD6fxhpo,A grunt from a person followed by footsteps and oinks from a pig with a single squeal
BMayJId0X1s,A man talking as a baby is crying
BOB65Nd0pXo,A helicopter engine operating while wind blows heavily into a microphone
BQ-r9mEHssU,A woman laughs and talk as a hose clip-clops
BUAPM4D3-h8,"Women, child talking and birds chirping"
BXxlqaDvdaA,Male speech and wind blowing hard over microphone
BZCEDkx37rI,Humming of an idling engine
Ba92IrXFvJo,Cracking and humming from an engine
BlbGXalLNVU,Surf comes ashore as a man speaks
Bn4lc01q9vE,Water splashing followed by a woman speaking
Boe3MeEpn_c,"A man speaking, with the clinking of dishes in the background, following by the hiss of an oil mister spraying"
BrPFQDr99Gg,A crowd cheers and a man speaks
Bvw2gv1fcZw,A person speaks followed by a burping sound and laughter
BwnGxJD9xh8,Speech and a goat bleating
Bz9Y5nZK3eo,Typing on a keyboard
BzHTqyX69pI,Wood sawing and scrapping followed by a woman speaking while pigeons are cooing and bird wings are flapping
C4JwGJQ2dUA,A man yelling very loudly while speaking
C5kmOK_l4jc,A young girl talking as an infant is laughing
C8kR19NvynA,A man speaking continuously
C9NC7wJ7C3w,A woman speaking continuously
CBwXKOpJY_o,A woman and young boy talking
CM49C3RkzV8,A woman delivers a speech
CMNlIW6Lkwc,A man is talking while plastic clacks followed by a popping explosion then a group of people talking and laughing
CMUuelJFJ7Q,A bell ringing followed by a clock ticking
CO6-i8NLbeo,A man talking followed by a goat baaing then a metal gate sliding shut as ducks quack and wind blows into a microphone
CYUlLTKoa1Y,A woman speaks as a machine whirs and creaks in the background
C_ga5m6nOhI,A train running on train tracks while a steam engine horn whistles
Cbe2B6ohBpw,Continuous quacking and rustling
CchRf2jq6fc,A young woman is talking.
CeRoaEcqUgM,A motorboat driving by as water splashes followed by wind blowing into a microphone
CefFMA3klxk,A horn and then an engine revving
CfxWJ1Qoufg,A man talking as paper crinkles followed by plastic creaking then a toilet flushing
Ch0LMmhBUg4,A man speaks with some distant hum and a child speaking
CvNAwby6Xos,A sewing machine operating several times followed by gears cranking as a man is talking
CwxgQS3SXic,Vibrations from a sewing machine
CxaPpRJRkn0,Male snoring loudly
D1Sy7kRoaR8,A woman speaks via a public address system
D2Xc_jZllDY,Dog barking with win and man speaking
D4s5aHrsBgs,A person whistles to music
D96OO7nYYsg,A vehicle accelerating then revving
D9GHUPGWsV0,"An adult female and adult male speak in the foreground, slight clattering is occurring, and an animal bleats in the background"
D9tinq3RMpU,"A large motor is running smoothly, water is splashing, people are talking in the background, and an adult male speaks in the distance"
DAN1t9ukkg0,A person is typing keyboard with some mouse clicking
DNtF_mGzQes,A crowd of children talking as a man speaks over an intercom as a large truck engine runs idle followed by pressurized air releasing
Dc2WEiRk0rA,"Hissing spray is occurring, and liquid is pattering on a surface"
DjKGzOe_COc,A woman is performing a speech
DlWd7Wmdi1E,A man talks while several animals make noises in the background
Dn3buZWMzwY,A man and a kid laughing followed by another man speaking as a person snores
DrCm-HpX67k,Opening and closing followed by tapping
Dt53UZgyznE,Baby cries and then man speaks
DzKjogSVOLM,Ducks quacking and birds chirping followed by a rooster crowing as a crowd of people talk
E3D_z0aoUEg,A croaking frog with brief bird chirps
E3Q1jfTeuWs,A baby cries followed by rustling and heavy breathing
E6FH_xp3I54,A man is speaking followed by birds chirping
E9zN3-C64KE,Scratching noises accompanied by a female voice
EBCH7TPgiPc,"Engine revs very high for a while, then begins to slow down"
ECw5Yf7QoMo,A man speaks while another speaks on top as well followed by clapping
ENTi8Sn4vdM,A river stream flowing while a woman and a kid are talking as birds chirp in the background
EQVWhHmT_cE,A male speaking and the glass shattering followed by a laughter
ESjMIqrvRj4,Rain pitter-patters as thunder cracks and the wind blows
ETb9EIQOMAA,A female speaking
EUZaxaWqhwg,A slap occurs and an aircraft engine runs as a man and child talk
EY4p0_NJVQs,A woman is performing a speech
EYTz1LPDHsc,A car door opening as a crow caws and birds chirp followed by a vehicle driving by in the background
EbpOXac13yo,Loud bus roaring and voices
EcihYbSlyck,"Vehicles are moving, horns are sounding, the door alarm to a bus is beeping"
Efk5kdn9lR8,Child talking then door crashing and her screaming
Ep72tyiL3as,Thunder crashes and echos
ErxgH5g3Kx0,Hissing and buzzing of insects with a horse neigh and clip clops
EvZ3jOMYWxk,A woman is speaking in a quiet environment
EzWEO2WD_MM,High frequency humming followed by a smack
F-47fRplQEc,Different female voices speaking followed by sheep bleating from a distance and voices of young people shortly thereafter
F7QtqKtllK0,A person snores
FA11v4SmdBc,Man speaks followed by whistling
FDwK7T1JO_0,A male voice and then drilling
FJkvAMLmejY,People whisper and then a horn sounds and people laugh
FKaJsvcyHTk,A baby grunts and begins crying
FL8KTgMGrN4,A vacuum running
FR7BDRhMATo,A train running on railroad tracks as a train horn whistle blows several times while railroad crossing warning signals are ringing
FXdoNvmrYxo,A young girl talking followed by a man talking then a young boy softly talking as birds are chirping in the background
Fc9pG54DDJM,A toilet flushing followed by paper crinkling and a door slamming in the distance
FeHndzYAUkg,A power tool drilling as rock music plays
Ff8bCCJfVX4,An air gun firing rapidly followed by plastic rattling and a young boy talking while footsteps walk over grass
FfUqv0Vv3ME,"A horse walks while an adult male speaks, an adult female speaks briefly, and roosters are crowing in the distance"
FhimNYClv40,Sirens and a humming engine approach and pass
Fi4-IqJo2xQ,Humming and rattling from a revving engine
Flk-X0gwjF4,"Birds are chirping and singing, rustling occurs and an adult male speaks briefly in the foreground, and an adult male speaks in the background"
G0IsabU5hn4,Wind blowing heavily into a microphone as ocean waves crash and leaves rustle
G3YO2unWz7k,Sputtering of an idling and revving engine
GE1aZSnPr2Q,A man laughing
GGgQR7aIofY,"A horn beeps a tune, and a large motor vehicle engine is running and gets louder"
GIOApFAWDOc,Birds chirping and tweeting followed by light wood tapping
GMP8m09j5vk,Birds call while another bird sings
GOD8Bt5LfDE,A toy train running as a young boy talks followed by plastic clanking then a child laughing
GPj8h-WcjWs,Humming of an engine with a woman speaking over a loudspeaker
GSHcgY6ATkQ,A man speaking followed by typing on a keyboard
Gkb4f6yodPE,Sustained industrial sawing noise
GuizRlAQ8qQ,High powered vibrations from a power tool
H-vTZh81qAU,Clicking followed by humming noise
H7-orYrKBeo,A group of people talking as an infant cries while a muffled bus engine runs
H7rd9bZtbgc,Bells ringing repeatedly
HUwXtfYRFwk,A bus is traveling on the road
HVz-FJBf_iM,A toilet flushing
HZ9O6sc7cLA,A woman speaks followed by a dog barking
HdPSebdDxe4,A male speaking and then growling followed by more male speaking
Hdxfbpnd2-8,A man talking then whistling
HeEa1GZpUGI,Several gunshots followed by a click and glass breaking
Hg6HxylRGDo,Emergency sirens wailing
HkbCUN4V3TU,A girl screams and people speak
HqnSyliKTKA,'An engine with people speaking and a horse neighing
HqndxoujCYI,A bell chiming as a clock ticks and a man talks through a television speaker in the background followed by a muffled bell chiming
HxZADVzNIqs,Birds chirping and water dripping with some banging in the background
I4HpYGMMsz4,A man speaking with slapping on a wooden surface as compressed air hisses in the background
IFRmbxWK8u0,A clock ticking
IJ6pm5Kns8A,"Woman speaks, girl speaks, clapping, croaking noise interrupts, followed by laughter"
IKnx3hJv1bs,Bad quality audio
IPfaRF76gVU,A truck engine driving by while emergency sirens wail as a crowd of people talk followed by a man speaking over an intercom
ITlqMkR5alY,Wind blows hard followed by screaming
I_8KqxP5xOA,A sprayer is spraying surfaces
I_vN_BFUr0Y,A train horn blowing several times as a train runs on railroad tracks and a railroad crossing signal rings in the distance
IdBDl9Wr51A,Synthesized laser effects and explosions as a man talks followed by a deeper voiced man talking then woman laughing
IhvXtS9-IxM,A high pitched engine idling
IsUG5SKWNZA,A woman whispering then talking as an infant cries followed by a man yelling
ItS07xtdi4s,Fire igniting as a motor runs followed by an electronic beep and vehicle engines running idle then car horns honking
IvfaKPDWC00,A siren ringing with a vehicle speeding closer
Ivg_q4t-3w0,"White noise followed by brief, muffled speech and rustling"
J0yeFeKvIt8,Wind blowing and leaves rustling followed by plastic clicking and wind blowing into a microphone
JBWJQCS4SvA,Wind noise on microphone with waves splashing in the background
JC2ZrXzCX4Y,A person snores while people communicate
JHhEjsAkZoc,A train is passing by and sound its whistle.
JQz40TkjymY,Typing on a keyboard is ongoing in a quiet environment
JTHMXLC9YRs,Breathing and ducks quaking
JZloTOdIY_c,Horses neighing and snorting while trotting on grass
JdFmMw0zyKA,A kid speaking followed by a seal making noises then water splashing as a kid and woman are laughing
Jfaj4P3us9M,A phone dial tone playing followed by a plastic switch flipping
JhGp7HmRQxg,A metal clack followed by a horse neighing as gusts of wind blow and birds chirp in the background
JmWaRt8-u0s,A motorcycle engine running idle while two men communicate with each other
JnSwRonB9wI,A muffled motorboat engine running as a group of people are laughing and screaming while water splashes and sprays
Jon_DEFqsfM,Wind blowing with ducks quacking and birds chirping
Jp64Whpr3BA,Rustling followed by a sewing machine running.
JsoBpL86R5U,A woman talking then a child talking followed by a man talking then a goat yelling
K-7Y8yhcUiw,An animal snores
K03ydb1uaoQ,Static sounds are vibrating along with snoring
K2kIOBeCfuo,"An adult male speaks, and a crowd laughs and then cheers and applauds"
K8-b0VtNOqA,Horses snorting then neighing as footsteps shuffle and people talk in the background
KJKHDKKW3XU,Gurgling and splashing water
KJhGuhNHToA,Brief silence followed by wood shuffling on a stone surface
KOBkbROPv4c,Humming of an engine with squealing tires
KSHpYhuTotY,A man speaking as footsteps walk on grass while insects are buzzing
KVAIaRPry24,Flying insects are buzzing
KVbmN9ZRg5Q,Loud hissing followed by a loud continuous horn and brief clanking
K_Vre_-4KqU,"An aircraft engine runs and vibrates, metal spinning and grinding occur, and the engine accelerates and fades into the distance"
Kel-hfZ_9h8,Crunching and scraping followed by a child and a man speaking
KnXNy5Q6YS4,Man speaking while insects buzz around
KnsKf9KoNds,A man speaks nearby and another speaks over the phone
KtTLsveexOg,A sewing machine running as a steam hisses followed by a machine motor sharply running in the background
KtinboYbmHQ,Tires squeal and an engine hums as a vehicle approaches
KvrcRMfFzOE,A helicopter is in flight with loud blades moving fast
L2dyilgQ8iM,Muffled rustling noise over wind blowing over a microphone
L6rnV0oNIII,Laser followed by a gun shot
L8dA-2Lu2hY,A person whistling
LB6CZ0x-kns,A loud metal clank followed by pressurized air releasing as a truck engine runs idle before accelerating
LBe33dw9ezg,Buzzing sound moving nearer and further
LCwSUVuTyvg,A series of doors sliding open as gusts of wind blows and glass clanks
LF6x7B0Ppvo,A racing car is driving fast
LKhokVsJhN0,A flock of sheep baaing
LP_DzNUkAKY,People speaking faintly with some humming and a hydraulic hiss
LVvS3s9dFKw,A man speaking while water runs in the background
LWng-4PDzPM,Rustling followed by whistling
L_CNz9Vrtkw,A man speaks followed by a crowd applauding
Lbken4JCr94,Rolling thunder with lightning strikes
Ls1zyPjs3k8,A bleeping noise followed by a static noise
Ls2vrr9TamU,Drilling and crackling
LvMA1Wcgu3w,A man talking followed by plastic creaking and clacking as frogs croak and crickets chirp
LvhvAA11oxE,A vehicle engine repeatedly revving as tires skid while a man talks over an intercom and wind blows into a microphone
Lxu-3_h4kc4,Burping and then laughter
MBP4RcnwGZw,A woman talking then laughing as a crowd of people talk in the background
MOxddxW5PXs,Food and oil sizzling as a man is talking while metal clanks against a pan
MPLZUg89y5U,Men speak with humming of an engine and some rustling
MSziND26UTA,Insects buzzing while wind is blowing on a microphone as music faintly plays followed by a rooster crowing
MTIF_l_8d4Q,"A baby is crying and a child speaks in the background, then an adult female speaks and the baby sobs"
MTaLknnq4wc,Whistling with some distant humming and a girl singing
MVGhC-xB79s,"Whistling is ongoing, a child speaks and an adult male speaks, birds coo, and rustling and soft metal clattering are occurring"
MdlEswBfZMQ,One toddler crying with several others laughing
Me4npKmtchA,Bubbles gurgling and water spraying as a man speaks softly while crowd of people talk in the background
MjSegUnQXr4,Pigeons cooing and bird wings flapping during light scrapping on a metal surface while a construction machine operates in the background
Mj_BO-iK1G4,Vibrations from a sewing machine with clicking
MkbP_8zJwXU,A bird chirping as water lightly trickles and wind blows into a microphone
MtK8L8gXRrI,A toilet is flushing followed by a cat meowing
MvHpNzDpC6Q,Men riding in the car talking then man burps loudly and then the other chuckles
NDaVSIJaXVs,Aircraft engine and loud background roar
NJEPbGVBJIQ,A man speaks followed by a vehicle revving
NX0gR9Eebp0,A child speaking as water trickles and splashes followed by a woman moaning
N_s9F4CI_98,Pigeons cooing followed by bird wings flapping
NeWW30WZjPc,A dog barks and rustles with some clicking
NeZerAPXR-A,Woman laughing and talking with another man and woman while something is clanging
Ni3dIj90Oa4,Explosion followed by man speaking a short bit of music at the end
NlKlRKz8OKI,A woman talking then laughing followed by plastic tapping and birds chirping in the background
NmmbNqmsPaY,An engine idling with bells ringing in the background
NtQiduPRiRg,A buzzing and laughter
NwoBDrTlbTI,A gerbil squeaking during audio static
O90Qy2xG6oA,Crying and screaming with some coughing
OFVzrakJhbw,A woman laughing followed by the bleating of sheep and a soft breeze
OMGHnJV0l2U,Scraping and banging
OTLtzk0W4zg,An engine running and a male speaks
OUUckswAaNI,Male speaking and birds chirping
OVQMFBeCHq0,Low frequency emergency siren going off followed by the siren slowing briefly
ObWjGBJF_94,Hissing and rattling
OmmPaIAXN0s,A man speaking followed by a horse trotting
OpiWMltpj44,Ducks quack and water splashes with some animal screeching in the background
Or7umk40TZA,An engine is idling with vibrating noises
Ot0bN_hz2ec,A train horn honks with a train racing by
OxUVcZmeiyI,A clock ticktocks with music
P12nvSpKXcs,"Birds are calling and many bees are buzzing, then a child speaks briefly and rustling footfalls and rattling occur"
P4qd8uodw_M,Muffled man speech with tapping and clicks
PLHXGDnig4M,A man talking then meowing and hissing
PMMdAKZxI_I,Burping and laughing by girls with distant speaking of a television
PMMkPq5jJXY,A person burps as people laugh
PO8Nu3F8mkA,Several pops and bursts of fireworks exploding
PRUfwpmYwJ8,A man talking as compressed air is spraying with wood clanking in the distance
PTyFYxXdut4,A woman speaks as water splashes
PVvi2SDOjVc,A vehicle is running followed by the horn honking
PWjEfOkb6ro,Water running with distant speech in the background
PYP-r0nvbFk,Wind blows and a man speaks followed by a goat bleating
PZBUdlKwX04,A plastic clack followed by a man talking as a stream of water rushes and a crowd of people talk in the background
Pb6MqpdX5Jw,A horse gallops then trot on grass as gusts of wind blow and thunderclaps in the distance
Pg2cWEnEEvc,Burping noises followed by tongue clapping sounds
PkmpxrsidZM,"Applause and female speech and laughter, whistling, and then throat clearing"
PtW0cZVprJQ,Snoring followed by male speech
PuLuZ_TXv-0,Rapid typing and then sliding
PvWI4p74UOs,Laughing and birds chirping with wind and an engine running
Q0anPAIkfBE,A baby sobs and then a woman speaks followed a woman laughing
Q3vkJMVMbC8,A toilet flushes twice and a child speaks.
Q87LBiwJjTE,Music in the background as a woman speaks and food fries
QARuiRtfy-k,A power tool drilling followed by someone blows air then a man talking as rock music plays in the background
QHfyKaOHSz4,A fly buzzing and a frog croaking with musical sounds
QKHpSAAjakY,"A motorcycle engine is running, and a man is talking"
QOmV7O9mFwg,Laughing followed by a child talking and more laughing with many children talking in the background
QRtuOWWya30,Metal clacking followed by a man talking as metal rattles while light guitar music plays in the background
QTSKjweEWew,Wind blowing followed by a man speaking
QoEal_hKz4Q,"Gunshots, machine gun fire, and artillery fire are ongoing, an adult male speaks in the foreground, and another adult male speaks in the far background"
Qt0_xTadAT0,A group of frogs croaking as plastic flutters in the background
Qv1HXaT-28U,Liquid spraying and splattering on a hard surface as kids laugh in the background
QvATUKXYFBs,Warning bells ring and a train passes with a honking horn
R4fXcbWFhJg,Horses run in the distance then a man speaks and a woman cheers then talks
R8bHTHnF8j4,A helicopter engine running idle
R91bUbtKrRs,"Two women are talking, and a baby cries"
RNBoH2LHQEM,A crowd of people applauding
ROootH-mtEI,A river stream flowing rapidly
R_g4RpU9mO0,A motorboat engine running idle then accelerating as water trickles followed by water spraying
RdC8cviN6Bs,Rain falling followed by fabric rustling and footsteps shuffling then a vehicle door opening and closing as plastic crinkles
RfGapDlAYoQ,Musical whistling with wind blowing
Rk-ujWKzPuc,Hard rain is falling and splashing on a surface
Rp4Ct_TQvAM,Rain falling as a machine motor runs followed by a man speaking
RrmBGjJqlEo,Clicking on a keyboard with a man speaking
Rtenf2XSXRc,A vehicle engine running idle then revving several times before a car door slams shut
S0SQyFXbqF8,A child talking then laughing with a man as an animal gurgles
S0YE96w0YRk,A man speaking followed by a crowd of people laughing then applauding
S8k47ME-YT4,Plastic cranking as rain heavily pours while a stream of water rapidly flows
SCow4mpBsGY,A person is snoring
SE_3nszEw7o,Hissing and clinking
SGaIvgwwWSE,Rain and thunder
SL3wB5sDcdw,Leaves rustling as a leaf blower operates and wind blows into a microphone
SNIaYhri76w,A pig squeals and dogs bark followed by a man speaking
SNy_axSCoyw,Mechanical sound with clock tick-tocking
SQHYl2Kp5ww,Music plays while two men speak each other with dishes clanking and food sizzling
SZ6CcXINiiE,A man speaks followed by a loud bursts and then laughter
S_3aeOvniZc,A race car is accelerating and shifting gears
SePTNAN7s-w,A female speech and then a toilet flushing followed by a female speech.
Smdj6JFB9MQ,"Female speech, a toilet flushing and then more speech"
SoO1HhaEc9Q,"Rhythmic squeaking is ongoing, pigs oink, an adult male speaks, and music plays faintly in the background"
T32kii824pA,A male speech and metal clanging.
T9_ep-3BZDY,A woman speaks followed by crinkling
TOaQMYc79Mw,A vehicle struggling to start with some clicks and whines
TQr9v-PQOc4,A person sneezes and coughs
TSdAJWJ-tW0,Two vehicles drive by as a man is speaking in the distance
TSnq6n8tElo,A young child talking followed by tapping on glass then metal rattling on a glass surface
TWOgvDaDqlU,A power tool drilling followed by a large motor running as wood is being sawed
TaQKhIRwii4,A crowd of people applauding followed by a woman speaking
Td2EEDdFlRY,A man talking as a woman talks in the distance while light music is playing followed by a guitar strumming and footsteps walking on gravel
Tdl9SmBbRnA,A man is talking as a motor vehicle engine travels
Tgxst7Ft9js,Sanding and filing then a man speaks
TtRtURWVYBE,Bells chiming as a clock is ticking
TwR8BA6buMI,A piano playing as a clock ticks
U3CAjsm1sec,Several cats meowing followed by a man singing
U5ij0M7T-hk,"Footsteps and scuffing occur, after which a door grinds, squeaks and clicks, an adult male speaks, and the door grinds, squeaks and clicks shut with a thump"
U90e2P9jy30,A man yelling in the background as several basketballs bounce and shoes squeak on a hardwood surface
UAmDLPjNyMg,An aircraft flying as a person briefly sniffs aloud while wind blows into a microphone
UCy1BEx8jBE,A man speaking as a stream of water sprays and splashes
UE3XnVFodMI,Loud applause and woman speaking
UQtBt6CQpwg,"A man speaks, and a sewing machine sews material"
UV1kdjwpy6U,An engine vibrates followed by a man speaking
UXGzbBGbqAA,Footsteps shuffling and fabric slapping a hard surface
UhCzD6EBJBU,A power tool drilling followed by metal clacking then a man talking proceeded by a door closing shut
Ujje3lSabsg,"Soft, rapid snoring is ongoing, and faint speech occurs in the background"
UmNrhFKpWIY,A car engine revs and then shuts off
V4PLSw_WzVw,A vehicle engine revving as tires skid and squeal
V8A0VRGdgwM,Pebbles and rocks bouncing off of a wooden surface as footsteps walk on gravel and dirt followed by a goat baaing as a muffled animal moan in the background
VE6Ku0-ucUM,A man speaks followed by a popping noise and laughter
VMsbrcHPBfk,A man mimics a goat bleating
VOXl8iR-HnI,Quiet speech and then and airplane flying away
VQnmlf2OsUg,A toy helicopter flying
VZLZ08k3YeA,Someone snores and a man speaks
VeCSHwtkBZU,A police siren going off
VjSEIRnLAh8,Food sizzling with some knocking and banging followed by a woman speaking
Vkbp8VmL3pM,An infant crying as clothes rustle
W4GEwnXc9tQ,"While music plays in the background, a frog croaks, young females speak and laugh, and a young male speaks"
W7OJevEgq7w,A dog whimpering and barking while breathing rapidly
WCYfCfW9NA0,High pitched humming with whooshes of spinning helicopter blades
WHRnyGXcdy8,A baby crying loudly
WLzzpzOKtnY,Male speech and an insect buzzing
WOywdRmySs0,A man talking followed by plastic crinkling and crumpling
WU3qB7gf6ao,An electronic beep and several faints ticks
WUpeplQr3A4,A man shrilling followed by a power tool drilling and a man screaming as liquid splatters
WUyeFOyKIg0,Wind and people speaking and a car passing by
WWkhzcmx3VE,A duck quacking
WmDe2xbnSY4,Gunshots and explosions
Wq4OD3olO2w,"A man talks followed by laughter, and a woman and children communicate"
WqXFAY4k79s,Several loud pops followed by one woman laughing and another speaking
XIooZl1QdM4,A man burping followed by belching while wheezing
XJba7pTbpD0,Several varying hisses
XL8JV9qXGLE,An infant whimpering and distant speech and brief laughter
XPebkNzsnRI,Whistling followed by a child giggling and then Moe whistling
XQxIXaX_7M0,Water rushing loudly while a man yells in the background
XWw7ZM1c_QA,Wood sanding followed by a woman talking as a clock ticks proceeded by a cuckoo clock alarm cooing and bell ringing
XZTt1xdK8uQ,An engine is accelerating
XamQAY_WXRY,A man talking as water splashes and gurgles and a motor engine hums in the background
Xf5LjaE_JQ0,Traffic sounds going by as man speaks
Xi6V0LGvqoo,A dog barking followed by a dog growling as footsteps squeak on a hard surface floor and followed by series of metal clicks
XplKBvZaHXA,A man talking as a motorbike engine revs and accelerates
XrJcmftCY04,A crowd of people applauding and cheering
Xz56Q2Q5j5c,Wood being scraped along with mechanical sounds
Y3lNEe-ZGF0,A clock ticking followed by a wooden latch opening
YEYeQ0lIkBQ,A man talking then laughing as a ducks quack
YH4qi8Ul6v0,A man talking as an infant is crying followed by a man humming
YIqpIjjee00,"A flush occurs with water splashing and gurgling, and then water runs steadily"
YNDKuNINDOY,An emergency siren ringing with car horn honking
YQGW5AwDOIo,Motor vehicles are driving with loud engines and a person whistles
YQSuFyFm3Lc,"Clattering of a train is ongoing, a railroad crossing bell rings, and a train horn blows"
YflmW68gL4E,Burping and laughing from a young girl
Yk274Wr5iIE,Wind and water splashing and trickling
YqYCDis3EUA,"The chirping of birds, interrupted by a rustling sound, and a buzzing fly"
Z-SIyOChVh8,Rain and thunder
Z0IrCa4MvOA,Water flowing through pipes
Z1Cyj4N05lk,Whistling with small rustling and groaning
Z3wDry8nnJs,Water splashes followed by a girl speaking then scraping followed by spitting
Z7yDwpdGelM,A man speaking followed by sawing then plastic crinkling as water trickles
ZBtgrP4vU_w,Food and oil sizzling
ZNEZLlDVgrE,Buzzing nearby insects with men speaking
ZTYAQBnU4GM,"Pet birds tweet, chirp, and sing while music plays"
ZUmZgPL0ges,Multiple large bells are madly ringing
ZY4aGEniU_E,Food and oil sizzling followed by steam hissing as a man talks and light rock music plays in the background
ZYWCwfCkBp4,Rustling and sanding on wood with distant music playing
Z_smJ66Tb3c,A man talking as pigeons are cooing and birds are chirping with bird wings flapping
ZsTZ7jqbd9M,A man talking during footsteps on leaves as birds chirp in the background.
Zsf2YvJfCKw,Water trickling followed by a toilet flushing then liquid draining through a pipe
_9mgOkzm-xg,A man speaks as food sizzles followed by some cracks
_AcJVyToQUQ,Laughter and a female speaking and then a male vocalizing a sneezing sound
_BSmz3SEW1w,Pigeons coo and rustle
_C2HinL8VlM,Metal clanking and hammering in the distance followed by police sirens sounding
_GI7meqlYZk,A cat screaming then meowing as a young boy is talking during a series of electronic buzzing
_YS5uKWoB6g,A baby cries as adults speak with clicking and banging of a car door
_duNX6Vyd6g,A motorboat drives on water quickly
_ezm-TpKj1w,Humming of a revving idling engine with people speaking in the distance
_iUX8CibElk,Humming sounds from a distance
_oKXrY5Ff0g,Speech and laughter from many people
_w2pA1VeB40,Continuous laughter
_xylo5_IiaM,A woman and a baby are having a conversation
_z-bidQYVao,Male rapping and screaming
_z6pymOet7g,A man talking followed by a toilet flushing
a0yXS7PmVR0,Praying with mechanical noise in background
a3GzZKxUTy8,Birds chirping and then a dog barking and a duck quaking
aMhu5eMQAsI,Humming from a large engine
aZAXO2WZn84,A train running on railroad tracks followed by a lawn mower engine running then a steam engine whistle blowing as a crowd of people are talking in the background
a_Rjlu50TfA,"A series of sharp, squeaky snoring noises"
ajheseWZmmU,A cat meowing as a person makes kissing noises followed by a guy chuckling
alaxBd_EEUc,A man speaks briefly followed by a succession of several eructations
atmDP_fmK_8,A low loud hum gets lower followed by an explosion
awxrHOpt-sE,A crowd of people talking and laughing with a motorbike engine running followed by a goat screaming then a person clicking
azh_-OkQ-uI,A woman talks briefly as several goats bleat including one that has high pitched bleats. A crunch is followed by a man speaking
b1PXsfgQw5w,A group of people laughing followed by a man talking then more laughter
bA5zPFSFZAA,Static and beeping
bAqgL5dCQOE,Rain falling with distant hums of traffic
bIV3bJZpkgA,A helicopter is in flight
bIiiIo20PsY,A man speaking as insects are buzzing and wind is blowing into a microphone
bJMMp6PLKqM,A baby cries and a young child speaks
bLZFtoWXYTA,A cup is filled from a faucet
bQNX7vDalQw,A man speaks followed by heavy sizzling
bUTOsLXYyxg,Man speaking followed by group laughter
bX2vDaHL26U,A car skidding its tires and racing away
bgbnu5YKTDg,A man is speaking followed by gunfire
bhlhcGONisM,A man speaks followed by thumps and clicks with some faint grunts
bmEF-c-M174,A duck quacking and a bird chirping followed by footsteps on a wooden surface then a man talking
bpv_LneHmfU,An engine running
bygBWUkpaC8,A man speaking with light wind followed by brief silence then birds chirping.
c0IggDOisOo,"Birds chirping, wind blowing, and a bell ringing with faint speech"
c0V_HAul7rI,People laugh and speak
c3nlaAkv9bA,A male voice talking and the bleat of a goat
c6YJgZ3qzOw,A toy helicopter flying followed by wind blowing into a microphone
cFHFVGOtp6g,Gravely sound with women voice in background
cFoXRmGgIME,A train horn honking as a train is running on a railroad track and wind is blowing into a microphone
cK2kSVR1d2o,Popping and cracking followed by a loud burst
cN-oYKd-M4E,Sheep baaing followed by plastic thumping as birds chirp in the distance
cNARVD02-tw,A man and an elderly woman talking as plastic clacks followed by a faucet pouring water as water runs down a drain
cPiSd5nJLrI,Screaming and a big explosion and then screaming
cr0GiZr0TNY,Children laughing with intermittent hissing
cz0FSQDVBMw,Hissing and chugging with brief muffled speech
d1tL-9BILy8,Pigeons cooing followed by camera muffling
d6gu2w19YQo,An baby laughing
dJYO3RbBabE,An electronic beep followed by a man talking
dP5DbAzTl5M,A motorboat engine running and a man speaking
dYZSKX7vuRI,A person snoring loudly followed by a man speaking
dYvL6uEMl6E,A helicopter flying followed by wind heavily blowing into a microphone
dZDgJzGtLLU,Water splashing with some rustling and wind blowing
dkiwn2FdDVw,A woman speaks with distant quacks of a duck
dlsiellSFf0,A high frequency motor hums loudly and splashes water
dmUOSyPXkUw,Compressed air and steam releasing with a man faintly talking in the background
dxow2DcTrwk,"A man and a woman talking while rain falls, followed by a crash of thunder"
e2rScj9UyMs,Pigeons cooing and bird wings flapping as footsteps shuffle on paper
e4ph6bIC5zc,Distant murmuring and distant engine revving
e6jSpvTvfJ0,"Thunder claps and rain falls hard, splashing on surfaces"
e9MWXS34o48,A person breathes heavily and sneezes
eJCaRgf1M20,A bell chimes followed by camera muffling and metal shuffling then a gear cranking
eNG6fEiAE8c,Men laughing with goat bleating in background
eRU-rABp8nk,Two men talking as a motorcycle engine runs idle and a group of people laugh
eUecAF626A8,Vehicles hum and vibrate as they rev their engines
eXj9OAik5cc,An idle motorbike engine running as a bird chirps in the background and wind blows into a microphone
eYbFtxZmKL4,Clanking and rustling with people faintly speaking and horse clip-clopping in the background
ek9Fsmm3xqk,Splashing with wind blowing hard
elztUCeNQvQ,A train horn honking followed by a subway train running on railroad tracks
emGPabOePzA,Laughing and speech in a slowed speed
eqcdsdLz954,A synthesized whooshing followed by an explosion and fire crackling while gusts of wind blow
eu5bq0A3XVQ,A male voice talks after doing some burps
f2fSxfvmkZQ,A man talking as metal thumps followed by plastic rustling then a power tool drilling while a metal pot clangs against a hard surface
f8WPf5F22xI,Sneezing followed by a ticking clock and a man speaking
fBYDJWChe5c,A person snoring
fGGYeXR_LS8,"Whistling is ongoing while an adult male speaks, and water is pattering in the background"
fK4QBQZ6i7w,People are laughing and chuckling
fPqj3nnwQOI,Ocean waves crashing and water trickling
fWvWhLJ5Fow,Running then spraying
fYTZVxQ8LJk,"A woman is speaking, and a child speaks"
fmEft49sPfE,A man is speaking with the wind blowing in the background
frOqlk0Wm5Y,A man speaking with intermittent metal scraping.
fsBR7e_X_0Y,An infant yelling as a young boy talks while a hard surface is slapped several times
fwhkCnOeyC0,A man and a woman talking followed by a bell ringing and a cat meowing as a crowd of people applaud
fx4r_KuW6No,Adult female is speaking and a young child is crying
g5l3Bz6lWnc,Insects buzzing as wood lightly shuffles and birds chirp in the distance
g6CY7qvu81k,Music followed by male speech and distant sizzling
gQMTOKsCIyk,A group of birds chirping and ducks quacking followed by a man speaking
gW7s3YAthpI,A person gulping followed by glass tapping then liquid shaking in a container proceeded by liquid pouring before plastic thumps on paper
g_P29ucKj78,A race car accelerating and driving as plastic rattles
gbi6MxPf3hA,Winds and ocean waves crashing while a chime instrument briefly plays a melody
gbtcDoh0q3c,Metal clacking followed by a man talking then a metal bang as footsteps shuffle on dirt and a group of men laugh
gf6H_MWCqjw,A duck quacking followed by camera muffling
ggN4-K5AgoM,A toilet flushing
gkWd1HugK2w,Pigeons coo and flap their wings
glAeihz0NAM,Kids laughing then talking followed by a young man talking as wind blows into a microphone
gr5Zss89yLQ,"A woman speaks, and a motor vehicle revs its engine"
gwQMkQmBITE,A man talking followed by several lights scrapping on a wooden surface as wood clanks in the background
h0M4RS8p_mo,A man laughs followed by a baby crying
h3UhoHIMfpw,Some rustling with a very high toned beep
h5_1pnkl_SY,Middle aged man speaks foreign language while water is trickling
hDMHIDJdfDA,Continuous snoring
hFCmq9pCBbM,A girl speaking with plastic crinkling
hGWarNR6xmg,Repetitive loud hissing with some static
hJtOGmN_KVw,Plastic crinkling and paper sliding as a man talks
hV4bDCBDCy0,Humming of a large truck engine with blowing wind
hVUmQfBIYe8,A man speaks followed by a door opening
hiJB_95IWiE,Male speech and then scraping
hmd6pa2e_rs,"A bus engine is running, and people are talking"
hpDltmawxIM,Water pouring from a faucet onto a metal surface and filling a glass container
hqPBcvex1VU,An infant crying as a woman mumbles
hrv6fwnmBkY,A dog whimpering followed by laughing and barking.
huMLK0oA3L8,A man talking then whistling as guitar music plays
hxbmDeNSO6Q,A sewing machine sews followed by a man talking
hzn_wGlzGpU,An aircraft engine accelerating followed by an object clanking against fiberglass as an emergency siren sounds in the background
i1u_2eZYYlE,An idle vehicle engine running
i2yhbckq3p0,A motorcycle engine running as several vehicle horns honk while a car alarm rings in the distance
i6MQCm58zlY,A critter squealing as a man is talking and leaves are rustling
iOCpICiu4LA,Insects buzzing and birds chirping as a man talks followed by a loud plastic popping
ific_gRalg0,A series of loud metal hammering as liquid drains down a pipe followed by a metal chain rattling
ii3Geza3hAU,Vibrations from a sewing machine
ilspW7JRjAg,A motor vehicle engine is revving
inQOrxc_oZo,Hog snorting with male screaming
inSvboaSRwA,A machine motor running as a man is speaking followed by rapid buzzing
ir1XTdyt4IY,Released air hissing followed by a popping explosion then a metal ding persists as a person is laughing and a man is talking.
j0KvrVE_Oww,A door shutting followed by two men talking then a horn honking and slapping on a wooden surface
j1AiqT5oHZc,Beep then male speaking multiple times
jOYvIISk--4,A man speaking followed by a faucet turning on and off while pouring water twice proceeded by water draining down a pipe
jXkLS_QzUrI,"A small motor is running, five hisses and a meow occur, then five more hisses and a meow occur"
jYPU6aSDo88,An airplane engine and then light talking
j_NSuPnx5LA,Dialing phone followed by clack sound
jf4iyQPJSvk,Water flowing and trickling
jid4t-FzUn0,A man speaks followed by a goat bleat
jinJkonlrWc,An engine running and muffled speech
jj2RyNDj7no,Birds chirping as insects buzzing followed by a man talking in the distance
jjHIINDfE1c,A tractor driving by as a car horn honks while wind blows into a microphone
jjfUaMQaG1A,A man talking followed by plastic clacking then a power tool drilling
jlwe9jtu5Gw,A couple of whistling sounds one after another
js4dr5JusdM,A woman and man talk on the phone
k1QxQ4jJaEQ,A man talking as an idle truck engine runs
k4XyfaWVLEY,A vehicle engine idles and birds chirp in the background
kEP-BwMarf8,A wrapper crinkling and a woman's soft voice
kF1KWybdRpM,Aircraft engine roars as it approaches and then recedes
kHIe4CfaccQ,Continuous basing and rustling
kLYCjD6vWI4,Hissing of a steam engine train
kOYg4ZtKcAs,A small motor vibrating followed by a cat meowing
kVYNXZd0MMY,An idle vehicle engine running followed by bird cawing in the background and a plastic camera click
kXjzsroVTtw,"Birds chirp and sing in the background, while an adult male speaks and crunching footfalls occur"
kagkXkAVPNo,"An engine revving followed by a loud honk, then several other honks and a woman talking"
kdflh3akyH8,Several puppies yapping
kgjNIDmO8a8,Emergency vehicle siren blasts while a man talks
ktc_tJxw8sc,Low scratching groaning
kx6Rj4MDIAw,A cuckoo bird coos followed by a train running on railroad tracks as a bell dings in the background
l5KdHAWwJCw,Ticking of a clock
lHh0SwUhP8U,Birds chirp followed by some clicking then gunshots
lJayhiVzl_E,Humming and rumbling of a powerful engine with wind blowing
lTJLvSvjUZk,Whistling to music
lTfNLKEy1RU,Repetitive faint snoring
lVr-PxhZo8s,Car engine idling
lX3k5p2I_g0,Man talking in the wind and someone yells in the background while an engine makes squealing and air puffing sounds
lYhwCRX2wNc,A woman talking as water trickles followed by porcelain dishes clanking
lfAFQ0-wDJU,Wind and surf with water splashing
lfO471Rn61k,Steam escapes with a hissing noise
lgwpIImXCWA,"A man briefly speaks followed by a sawing sound, and then starts talking again"
lh801oHGtD4,A man talking as an electronic device hums followed by a door closing
ljrL7Cb-jr8,Humming and vibrating of engines
lmPMhs-9IYE,A vehicle engine revving as a crowd of people talk and whistle in the background
lq9RvAA4mqY,A man talking then clearing his throat as food sizzles and a metal pot clangs
lrKGCtSsAkA,A toy helicopter engine flying as wind blows into a microphone
m8wV38lf2jg,Emergency sirens and muffled speech
mGa2JgAiKV8,Young man speaking with slight movement sounds
mJ6ZO3xEcgw,A woman sneezing repeatedly
mSF_FqBtRPs,A telephone ringing with loud echo
mUGmCSNETcg,Women talk while food fries
mVjub3o_IxE,Constant squeaking occurs while a man speaks
mW1EpJYcy_E,A motorbike accelerating and revving as wind blows into a microphone
mWqH2xwjkYA,A baby laughs and a woman speaks
mYQrjcYNrW0,A bus horn honking as wind is blowing into a microphone before a bus drives by
m_NCf-q4Gn0,Plastic thumping as an idle motorcycle engine runs
m_U506sf9p4,A woman talking followed by plastic thumping then metal clanking as food and oil sizzles
maVYiednkSg,A man speaks with spraying and vibration in the background
mlnUJH4BQnk,Female speech and scratching
n-JyOqYSLQM,Metal clanking followed by plastic rattling and air spraying with a group of people talking faintly in the background
n4VktYihtJU,Strong gusts of wind are followed by cheers and shouts from several people plus the chatter of girl
n74IYuCe_ms,A stream of water rushing and trickling followed by a young man whooshing
nD1K1Zo0qrM,A series of machine gunfire and two gunshots firing as a jet aircraft flies by followed by soft music playing
nLZeG9LaLgw,Loud humming of a car speeding into the distance with wind blowing and tires squealing
nLtNjMimLE0,Running and splashing water
nU-AI3Cmc3M,A pigeon cooing followed by bird wings flapping as wind blows into a microphone
naPgJvWTIY4,A motorbike running idle then revving
ndxkSQKxaak,A motorcycle engine is running while a man is talking
ne2DpKCIr4Y,Ocean waves crashing as wind blows into a microphone
niwgMbB6tpQ,Plastic clicking and clacking followed by a woman snoring
nlC4UI4hZ60,An engine being turned over
nmLMLgWPmFM,A motorboat engine running as water splashes and a man shouts followed by birds chirping in the background
nq0BF9zGkzg,"An animal cries, followed by a crash, then two people speak with one another"
nuZEAuAl8hQ,A duck quacking as wind lightly blows and water splats in the distance
o3mZR8OvPko,A racing vehicle accelerating and revving while tires skid and squeal
o7-X8DAToGc,A vehicle driving by with tires briefly skidding and accelerating then slowing down
o7jW6Suyfbs,A man talks in the distance followed by several vehicles driving and accelerating
oN0IcZaHD_8,A man speaks followed by a tools drilling wood
oNHCc_izsDE,Water splashing and a baby laughing
oOMtaqvQ3_M,A helicopter flying with wind heavily blowing into a microphone
oZaEHkfh5Eg,A vehicle horn honking during a series of electronic beeps
o_3MDLl_aH0,Loud explosions and burst that echo
oiIi6H83Y38,A motorbike engine starting up then revving as a man talks in the background
oklu5ZJD_2U,Plastic tapping then rattling as a bird chirps
onBZOH88OYs,Repeated bursts of spray
orgwzt45ojE,A man speaks as pigeons coo and wings flap
os_2U4xqTqw,Heavy footsteps walking on a hard surface followed by a man grunting then two explosions
p9qRTh4BmSE,"Adult males shout in the distance and an adult male shout close by, two adult males speak in the foreground, and gunfire erupts"
pCQEWAFGEjc,A steam engine running on railroad tracks as steam releases and hisses while group of people talk in the background
pHNMcX-9FDs,A dog whimpering constantly then ultimately growls
pHYkWkZ4guE,Scraping and hissing with some light knocks
pI_kPedctoo,An engine running and being revved and some muffled speech
pO8kbg9IJnc,Some light clicks followed by a man speaking and water splashing
pPLisQ_QXxw,An engine running and a horn
pTJKJxaheI8,A man speaks with faint ticks of a clock
pWQeV08kYR0,An ambulance sounds the siren
p_BB_rJaF7Q,Male speaking softly with nature sounds in background
paetCbEqp2w,Some light tapping on a computer keyboard and a baby crying
paf0nyjg1Js,A woman talking followed by a plate rattling as food and oil sizzle
pgq2KPX5_SA,Some crinkling of cellophane
ptIksg9KEac,A person clapping followed by a dog barking then wood clanking as birds chirp and gusts of wind blow in the background
puZL08fzpXk,Gunshots followed by people speaking and explosions
q1ivQ_2fddk,Constant hissing with mean having conversation
q3SEOW2m4WY,A train horn honks as a train speeds past
q46VXJ6JN9M,"Birds are chirping in the background, rustling and clattering ensue, then a hissing spray and more rustling and clattering occur"
q4YFJA5pFXc,A helicopter engine whines as it starts
qF72bT878gw,Humming from an engine with wind blowing hard
qPYwp1K4sZE,A young girl speaking with some crinkling plastic
qWYncqPSy9A,A man talking as an insect buzzes followed by a woman laughing then a man talking
qZEIs6tS5vk,A vehicle engine revving followed by tires skidding as a group of people talk in the background
qakN0JNbpcU,A man is speaking and a fly is buzzing around
qeSl7YZAfs4,A man is talking as tap water is running
r2KhpX_QgXA,A man speaks as a machine hums quietly and then increases in volume
r2djvq1vc68,A faucet pouring water as water fills a container followed by scrubbing on a plastic surface and water splashing
rBUCIK8JRLg,White noise followed by some rustling and splashing
rE6BJ0Bo4w4,"A woman speaks, and faucet water runs"
rINmxSXMR-s,A duck quacks and splashes and a human chuckles
rJVXE6Axtrg,A man speaks and a machine runs with a continued speech
rN2rpLV3brs,Dishes clanking as a man is talking
rPkCYq4Zjwk,A whoosh effect followed by a woman talking then a man talking proceeded by another man talking over a radio as guitar music plays in the background
rUq4w4EUSWA,An electronic motor buzzing and paper tearing followed by a bell chiming and a plastic click then a toilet flushing as paper crinkles in the background
ram-QPKSQYc,Helicopter blades spinning then fading away
rbO727iF03I,A loud belch followed by male human voices
rgrmLLhxoCQ,Repeated scraping on two different surfaces
riM7b5bJ9KQ,A man laughs followed by laughter and speech from other people
rjUrB1WUpcI,Water drains with gurgling noise
rp3CQsWxVgE,White noise followed by a musical horn honking
rtgVoZCcBw8,Goats are bleating with other natural outdoor noises
rvDcg9DoNKA,Distant thunder with rain falling followed by a man speaking loudly
rvtA7c1I4xo,Whooshing of wind followed by a man speaking with sneakers squeaking on hardwood
sCzRVvu9XeY,A rhythmic whistle plays a tune
sI7_ycEYzAY,A clock ticks repeatedly
sJrFyjfrL-g,A sewing machine operating during several metal clacks
sTMKled6Q1M,"Whistling with pigeons cooing, wings flapping, and birds chirping"
sVYTOURVsQ0,Water trickling with man speaking
s_EWjoiVfzo,A sewing machine operating several times followed by metal clanking
sbW7XwwUtSU,A clock ticking repeatedly
sl_Pxpc7beo,A vehicle is honking the horn
sqWyxUObwkw,A boat engine starts up and idles
sqsI2UyrcBQ,A vehicle engine accelerating and revving
szkiW0GXEOI,Whistling with birds chirping
t1hj7se76wQ,"Typing on a typewriter is ongoing with clicking and clacking, a bell rings, and a clack occurs with the carriage return"
t3VFlDiEKgY,An insect buzzing followed by a man talking
t4prXmPwthg,Vibrations from a running sewing machine with a woman speaking
tB8TiiXwKmA,A drill running
tIM-H2rdq8U,A gun firing several times followed by a revolver chamber spinning and metal clanking as a man talks and a person grunts
tJhVH3VIrnE,A object is hitting a surface followed by a loud boom
tNxfdAd14qE,Mechanical rotation and then a loud click occurs
tTB0BK39JI8,Bells ring followed by clanking
taYKM1OSTwE,Sheep baaing as gusts of wind blows followed by a person chuckling
tdpiXW68adA,A woman sobbing and speaking
tfOIhQpYYe8,A helicopter flying as a man talks in the background
tjCNwdOUiGc,A bus engine running followed by a bus horn honking
tmLAXm1WlnE,A woman speaks with nearby buzzing of insects
tpm5IOD5d4o,"An adult female speaks and claps, a bird whistles in the foreground, another bird chirps in the background, and then a human whistles a tune"
twFypUcdgRc,A man yelling as another man is laughing as wind blows heavily into a microphone
txeXrpoMST4,Water turning on and running continuously
u84FiZ_omhA,Loud high humming and croaking sound
u8bQf0SnCVI,Some light banging followed by water splashing
u9px4Lwv9XI,Footsteps and a croaking frog
uJzAf4PaExI,An engine idling consistently
uY4fe5DT1gI,A person is typing on a computer keyboard
uhSDBwVrEdo,"The wind is blowing, and a person is whistling a tune"
up2PpjTzyyc,Electronic beeping followed by a cat singing then meowing as paper shuffles and a man talks with music playing in the background
v59uHr-B1no,Frogs and crickets chirping during nature ambiance
v7BaYF0kagM,An engine running
vEWmHtiznF8,An engine running and a male speech
vaujJ7msKfc,Wind blowing with distant traffic passing and sirens ringing
vfNKduToki4,"Truck engines are running, a shrill back-up alarm rings, air brakes engage, and adult males are talking in the background"
vigslb0kClE,Goats bleating and a man speaking
vruDH_YLaPI,"Gunshots are ongoing, and intermittent metal clinks are occurring"
vsy1IpYmrSY,Tires squealing and an engine revving repeatedly
wAZrOPvul4Y,A man talking as plastic is crinkling
wBs02amFGXs,A rooster crowing and birds cooing
wFiCblfZ-vg,A man speaking followed by another man speaking in the background during audio static
wNiYSYJXssA,People are speaking followed by crowd noise
wOFBldBFRNk,Church bells ringing as rain pours and wind blows into a microphone
wSHzVxdMiTo,A pig squeezing and male speech
wVi5w_NU6CM,A fire truck siren blasts
w_Utn3CwAXE,A toilet flushes followed by a metal latch clanking then a door slowly creaking open
wbPmnxCLoRQ,Several bells ringing rapidly and then a single bell
wnqUgK_-fo4,Several loud pops with people cheering
woadpeAGHUQ,An emergency siren blaring steadily
wrQDkX0NbTA,A distant engine hums loudly with splashing water and blowing wind
x5AH2gW_8S4,Pigeons cooing with some rattling and screeching
xBZnvfniA1c,"A man speaks, and a child speaks followed by laughter"
xIztYnMIWUA,"An old fashioned telephone ring occurs repeatedly, and buzzing is present in the background"
xQDq3A4Zfbo,Water splashes and wind blows
xUWSHYoslPQ,A man is getting a glass and setting in down on a hard surface
xYwpABpZed4,A woman speeches while cooks
xbLW9Wt1Jsg,Some rustling with short bursts of vibrations from a sewing machine
xnVqvc7N7Po,A woman and man speaking followed by a phone clicking then a phone call ring
xpZna_FwDhI,A click is followed by a woman speaking and then a sewing machine stitching
xqtrbqDlz28,"A sneeze occurs followed by sniffling and the start of another sneeze, while a baby coos in the background"
y-RSojxgkDo,A male speech and a bird chirping
y1a8PntuXYw,Mechanical humming followed by a flushing toilet
y3-M1sonh3M,Clinking followed by a toilet flushing
y93cZqNCtks,A man talking as footsteps run on concrete followed by a series of gunshots firing a gun cocking while another man talks in the background before a dog growls
yL3gKa6YLoM,A man speaking followed by snoring
yLu4b01t53k,The loud idling of a machine
yRoKi7rhSRo,A toilet flushes and water drains
yVVLq4ao1Ck,"Insects trill in the background, while birds chirp and flies buzz"
yVjivgsU2aA,An engine running followed by the engine revving and tires screeching
y_OyLW9lBXU,A baby cries and people speak
yau2WIRkxb8,A small high frequency motor vibrates
yfYNPWs7mWY,"A man speaking, followed by a door shutting, and then the man speaks some more"
yhDw7PZje3g,"Many insects are buzzing, and an adult male speaks"
ynHdcJ9Oqaw,Loud booming bursts and whooshes
yrxa6_P2I80,Several birds chirping and pigeons cooing
z1ax0QPpd14,A large duck quacks and small ducks chirp
z4MeV9IGVo0,Humming from loud engines with men speaking over the radio
zBXoaQ1GVlc,Several children speaking and screaming with a woman speaking briefly
zEM94PH29VQ,A baby crying and various speeches
zEaGx6an4es,A sustained and coarse drilling noise
zF3xXn6NTyU,"Water falling and a woman talks, coughs, then talks again while a man speaks in the background"
zFzPOsOKog4,"Rustling, bees buzzing and then birds chirping"
zIgGMlZENTs,A duck quacks followed by a man talking
zoctgurhvHE,A man speaks with some clicking as wind blows and a distant motor hums
zoxFl3pddMg,A frog chirping with distant speaking of a person
zq00Oe1ecpE,A bus engine slowing down then accelerating
ztSjcZNUY7A,A woman talks as a baby cries
zwoqJY03yHE,Women speak and a goat bleats
